#{"t_start": 1734423170.010326, "env_id": "None"}
r,l,t
-164.5623,919,487.18011
-176.62761,984,520.735944
-70.58781,1000,530.616901
-38.461662,1000,530.616955
-77.185745,1000,530.616973
-76.97312,1000,530.616985
-71.786194,1000,530.616996
-56.1751,1000,530.617007
-43.859707,1000,530.617017
-39.06771,1000,530.617027
-39.92939,1000,530.617037
-67.50862,1000,530.617046
-78.812965,1000,530.617056
-58.729473,1000,530.617066
-63.63572,1000,530.617075
-69.177475,1000,530.617085
-80.391525,1000,530.617095
-61.26721,1000,530.617104
-76.74362,1000,530.617114
-72.69578,1000,530.617123
-82.45547,1000,530.617133
-46.807995,1000,530.617143
-46.707996,1000,530.617152
-66.41727,1000,530.617163
-79.16606,1000,530.617172
-63.76746,1000,530.617182
-68.42066,1000,530.617192
-34.36248,1000,530.617202
-71.78636,1000,530.617212
-67.53208,1000,530.617221
-71.730995,1000,530.617231
-74.99947,1000,530.617241
-78.872635,1000,530.61725
-59.999374,1000,530.617267
-37.956062,1000,530.617278
-25.566433,1000,530.617287
-82.20573,1000,530.617297
-71.73096,1000,530.617307
-78.46095,1000,530.617316
-66.56493,1000,530.617326
-65.27743,1000,530.617335
-59.247246,1000,530.617345
-56.363453,1000,530.617354
-70.6836,1000,530.617364
-81.87245,1000,530.617373
-56.52137,1000,530.617383
-56.375538,1000,530.617393
-79.6604,1000,530.617402
-70.198235,1000,530.617411
-64.78841,1000,530.617421
-69.03972,1000,530.61743
-24.528404,1000,530.61744
-81.70666,1000,530.61745
-64.071526,1000,530.617459
-66.21584,1000,530.617469
-76.83343,1000,530.617478
-68.84695,1000,530.617488
-50.52964,1000,530.617497
-71.73098,1000,530.617507
-79.23815,1000,530.617516
-70.25957,1000,530.617526
-64.028465,1000,530.617535
-79.521576,1000,530.617545
-59.409157,1000,530.617554
-45.33757,1000,530.617564
-73.59688,1000,530.617573
-62.120846,1000,530.617583
-63.33302,1000,530.617592
-75.30812,1000,530.617602
-78.6471,1000,530.617611
-77.12348,1000,530.61762
-81.19058,1000,530.61763
-81.70666,1000,530.61764
-47.73514,1000,530.617649
-37.70495,1000,530.617659
-58.801266,1000,530.617668
-80.89108,1000,530.617678
-69.1776,1000,530.617688
-73.383545,1000,530.617697
-73.15387,1000,530.617707
-51.4558,1000,530.617717
-26.98412,1000,530.617726
-62.198784,1000,530.617736
-49.494884,1000,530.617745
-82.01373,1000,530.617755
-67.74154,1000,530.617765
-58.990307,1000,530.617774
-43.619854,1000,530.617784
-70.80242,1000,530.617794
-52.89844,1000,530.617803
-74.84225,1000,530.617813
-75.17664,1000,530.617822
-73.06349,1000,530.617832
-67.319885,1000,530.617841
-82.39369,1000,530.617851
-68.85767,1000,530.61786
-81.59444,1000,530.61787
-61.66071,1000,530.617879
-65.98603,1000,530.617889
-63.099346,1000,530.617898
-115.03776,405,745.191291
-122.47961,527,809.778386
-131.0622,553,823.575005
-139.63245,596,846.500717
-136.78636,597,847.019669
-145.09995,702,902.633611
-129.52046,702,902.633663
-101.37281,342,926.546141
-159.93184,777,942.453123
-127.47974,786,947.387963
6.3828206,1000,1017.651157
-99.103035,180,1021.951694
-45.686787,1000,1052.145415
-98.228134,208,1052.673549
-75.830284,1000,1062.151616
-52.97735,1000,1062.151664
-3.5365818,1000,1062.151682
-13.649196,1000,1062.151694
-46.371956,1000,1062.151704
10.344646,1000,1062.151714
-60.288235,1000,1062.151724
1.0455415,1000,1062.151733
26.760843,1000,1062.151743
-6.060085,1000,1062.151752
-70.58778,1000,1062.151762
-71.63075,1000,1062.151772
-65.15642,1000,1062.151781
-47.88243,1000,1062.15179
-32.203632,1000,1062.1518
-26.056473,1000,1062.15181
-43.894352,1000,1062.15182
-30.146795,1000,1062.151829
-47.368298,1000,1062.151838
-77.8592,1000,1062.151848
-41.36812,1000,1062.151858
-80.391525,1000,1062.151867
-41.557945,1000,1062.151877
-43.21768,1000,1062.151886
-64.96773,1000,1062.151896
-24.187975,1000,1062.151905
-68.74957,1000,1062.151915
-32.432648,1000,1062.151925
-34.06585,1000,1062.151934
-46.37211,1000,1062.151943
-65.03462,1000,1062.151953
-38.46157,1000,1062.151962
32.40519,1000,1062.151972
9.434483,1000,1062.151981
-20.152319,1000,1062.151998
-30.23208,1000,1062.152008
-47.019653,1000,1062.152016
-43.573536,1000,1062.152025
31.687782,1000,1062.152034
-66.2573,1000,1062.152042
-32.07545,1000,1062.15205
-54.983685,1000,1062.152059
-80.46813,1000,1062.152067
-60.12234,1000,1062.152076
-68.74937,1000,1062.152084
-47.552334,1000,1062.152092
-31.40814,1000,1062.152101
-78.94678,1000,1062.152109
-49.999527,1000,1062.152117
-82.1422,1000,1062.152126
-5.5376043,1000,1062.152134
-19.73248,1000,1062.152142
-28.082201,1000,1062.15215
-33.993084,1000,1062.152159
-66.41743,1000,1062.152167
-83.76553,1000,1062.152175
-65.83812,1000,1062.152184
-10.256551,1000,1062.152192
-40.07486,1000,1062.1522
-63.234978,1000,1062.152209
-34.782757,1000,1062.152217
-77.27217,1000,1062.152225
-45.337296,1000,1062.152233
-49.494762,1000,1062.152241
-76.97292,1000,1062.15225
-26.68639,1000,1062.152266
-19.860628,1000,1062.152276
-45.392437,1000,1062.152284
-44.852905,1000,1062.152292
-34.782795,1000,1062.152301
-42.857185,1000,1062.152309
-41.558456,1000,1062.152317
-56.81038,1000,1062.152325
-55.172264,1000,1062.152334
-13.689922,1000,1062.152342
-58.490215,1000,1062.15235
-51.612736,1000,1062.152358
-65.86991,1000,1062.152367
-57.57552,1000,1062.152375
-52.541935,1000,1062.152383
-60.713993,1000,1062.152391
-76.40063,1000,1062.1524
-73.15375,1000,1062.152408
-69.69625,1000,1062.152416
-57.44653,1000,1062.152424
23.28787,1000,1062.152432
-2.7779086,1000,1062.152441
-39.102596,1000,1062.152449
8.552582,1000,1062.152457
-35.484024,1000,1343.371851
-36.329453,1000,1357.232679
-16.66655,1000,1380.216468
-73.07645,1000,1380.749393
-6.249726,1000,1436.778857
-76.35066,1000,1436.778908
60.494247,1000,1481.8568
-150.47772,895,1540.320927
-172.2059,901,1543.676039
-10.713908,1000,1553.452633
-30.23226,1000,1557.861773
-17.293344,1000,1588.4969
-31.146908,1000,1589.036523
23.188437,1000,1598.643799
-7.2847457,1000,1598.643848
158.62022,1000,1598.643865
20.754524,1000,1598.643877
-30.555708,1000,1598.643888
-8.087902,1000,1598.643898
32.14268,1000,1598.643909
-16.334858,1000,1598.643919
128.29553,1000,1598.643929
-23.976625,1000,1598.643939
81.81813,1000,1598.643948
-29.053812,1000,1598.643958
-25.081713,1000,1598.643968
14.583218,1000,1598.643977
-14.965828,1000,1598.643987
-49.49459,1000,1598.643996
-63.414333,1000,1598.644006
20.521017,1000,1598.644016
-24.13802,1000,1598.644025
14.942305,1000,1598.644034
-19.491045,1000,1598.644044
-31.899817,1000,1598.644053
-51.672794,1000,1598.644063
-12.500116,1000,1598.644072
-20.634525,1000,1598.644082
51.20251,1000,1598.644091
-49.404667,1000,1598.644101
-56.04345,1000,1598.64411
-17.763224,1000,1598.64412
-72.124756,1000,1598.64413
43.750687,1000,1598.644139
-10.891152,1000,1598.644149
-14.089647,1000,1598.644159
138.86626,1000,1598.644168
-32.075485,1000,1598.644178
-86.20617,1000,1598.644187
-12.408561,1000,1598.644197
157.81125,1000,1598.644207
141.13481,1000,1598.644216
-82.07821,1000,1598.644226
-35.064766,1000,1598.644236
3.0927067,1000,1598.644245
-57.654488,1000,1598.644259
-46.428513,1000,1598.644272
-32.203323,1000,1598.644281
14.94241,1000,1598.644291
-38.709705,1000,1598.644301
-61.240017,1000,1598.644311
-29.711859,1000,1598.644321
40.56279,1000,1598.64433
-59.99977,1000,1598.64434
4.5753093,1000,1598.64435
-20.962357,1000,1598.64436
-21.21234,1000,1598.64437
-12.698427,1000,1598.644379
25.412361,1000,1598.644389
2.2363024,1000,1598.644398
3.0925598,1000,1598.644408
185.2451,1000,1598.644418
-52.218086,1000,1598.644428
-31.033737,1000,1598.644437
-44.250763,1000,1598.644447
-26.517714,1000,1598.644457
-16.058548,1000,1598.644467
-35.60538,1000,1598.644476
9.09074,1000,1598.644486
25.000416,1000,1598.644496
23.189066,1000,1598.644506
28.676449,1000,1598.644516
-12.903458,1000,1598.644525
6.382852,1000,1598.644535
-33.544376,1000,1598.644544
-3.009624,1000,1598.644554
-70.873055,1000,1598.644564
-1.4600606,1000,1598.644573
-31.677216,1000,1598.644583
8.474396,1000,1598.644593
-63.89852,1000,1598.64461
-27.083467,1000,1598.64462
46.96473,1000,1598.644629
-24.290443,1000,1598.644637
24.161062,1000,1598.644645
22.30229,1000,1598.644654
-22.794209,1000,1598.644662
49.006546,1000,1598.64467
38.613873,1000,1598.644679
-2.6846373,1000,1598.644687
26.354044,1000,1887.702457
124.24255,1000,1901.911197
16.208683,1000,1925.551987
59.322517,1000,1926.093394
254.01315,1000,1983.393014
258.35745,1000,1983.393066
87.693535,1000,2029.477759
379.85175,1000,2089.211687
246.66527,1000,2092.631068
123.82808,1000,2102.445373
76.6791,1000,2106.891071
295.8295,1000,2137.951199
56.052277,1000,2138.488718
224.32431,1000,2148.21895
119.67344,1000,2148.219003
394.41907,1000,2148.21902
291.84622,1000,2148.219033
253.7876,1000,2148.219044
71.42891,1000,2148.219054
475.754,1000,2148.219064
148.09117,1000,2148.219075
33.803535,1000,2148.219085
286.52203,1000,2148.219094
172.72406,1000,2148.219104
281.2468,1000,2148.219114
240.83238,1000,2148.219124
268.79144,1000,2148.219134
147.42337,1000,2148.219144
163.15814,1000,2148.219154
4.1017966,1000,2148.219164
387.574,1000,2148.219174
34.100952,1000,2148.219183
322.43857,1000,2148.219193
349.27118,1000,2148.219203
200.93965,1000,2148.219213
82.13193,1000,2148.219223
80.7233,1000,2148.219232
-10.958261,1000,2148.219242
320.45166,1000,2148.219252
223.80699,1000,2148.219268
135.66922,1000,2148.219278
75.54998,1000,2148.219288
106.55866,1000,2148.219298
58.491905,1000,2148.219308
127.75904,1000,2148.219318
180.81868,1000,2148.219328
231.99965,1000,2148.219337
51.614017,1000,2148.219347
302.17142,1000,2148.219357
201.94504,1000,2148.219367
113.81346,1000,2148.219377
143.24219,1000,2148.219387
298.08484,1000,2148.219396
214.8792,1000,2148.219406
242.65259,1000,2148.219416
291.14114,1000,2148.219426
284.0556,1000,2148.219436
354.54233,1000,2148.219445
119.66792,1000,2148.219455
110.71559,1000,2148.219465
445.7577,1000,2148.219474
193.90155,1000,2148.219484
290.2403,1000,2148.219493
342.9932,1000,2148.219503
455.55212,1000,2148.219513
211.96283,1000,2148.219523
288.3114,1000,2148.219532
215.06537,1000,2148.219542
262.95786,1000,2148.219551
314.1383,1000,2148.219561
21.622042,1000,2148.219571
206.33762,1000,2148.21958
26.761032,1000,2148.219589
33.10624,1000,2148.219599
405.37103,1000,2148.219609
45.632416,1000,2148.219618
186.19022,1000,2148.219628
349.80927,1000,2148.219638
124.19644,1000,2148.219648
152.63197,1000,2148.219657
27.517668,1000,2148.219667
98.113365,1000,2148.219676
133.60443,1000,2148.219686
-32.86192,1000,2148.219696
474.00342,1000,2148.219706
100.58137,1000,2148.219715
235.40074,1000,2148.219725
244.70514,1000,2148.219735
140.00038,1000,2148.219744
33.82996,1000,2148.219754
174.07396,1000,2148.219763
55.23603,1000,2148.219773
-25.465603,1000,2148.219783
189.71457,1000,2148.219792
66.667915,1000,2148.219801
178.1407,1000,2148.219811
347.17987,1000,2148.219821
134.2641,1000,2148.21983
148.3876,1000,2148.21984
277.63925,1000,2148.219849
-67.91802,262,2292.851583
20.525581,264,2293.928108
-15.078812,270,2297.235291
-66.91615,273,2298.965845
-22.937943,278,2301.754848
-6.3525314,285,2305.599918
10.336342,387,2307.326454
-98.461685,469,2406.859815
-47.11502,497,2422.337222
206.20007,1000,2438.886579
178.9853,1000,2453.25033
185.71246,1000,2477.080283
332.94803,1000,2477.625551
191.07666,678,2522.597384
153.04208,686,2527.079898
-23.11943,698,2533.667137
307.16364,1000,2535.936656
186.85028,1000,2535.936704
78.70739,1000,2582.218935
208.77283,1000,2642.365107
192.09232,1000,2655.672267
85.30414,1000,2660.154847
261.7006,1000,2691.681638
215.61302,1000,2692.234301
240.73608,1000,2701.911664
235.42139,1000,2701.911714
90.93876,1000,2701.911731
164.2123,1000,2701.911743
151.87508,1000,2701.911753
357.2353,1000,2701.911764
214.64133,1000,2701.911773
242.1008,1000,2701.911783
215.98093,1000,2701.911793
16.789404,1000,2701.911803
347.55106,1000,2701.911813
118.638504,1000,2701.911822
226.01749,1000,2701.911832
328.57034,1000,2701.911841
186.73434,1000,2701.911857
41.89263,1000,2701.911867
49.82702,1000,2701.911875
238.58154,1000,2701.911884
168.1946,1000,2701.911892
234.54376,1000,2701.911901
155.5894,1000,2701.911909
303.5716,1000,2701.911917
41.26523,1000,2701.911926
161.32272,1000,2701.911934
380.83408,1000,2701.911943
424.15894,1000,2701.911951
4.295226,1000,2701.911959
302.9285,1000,2701.911968
386.4859,1000,2701.911976
299.26608,1000,2701.911984
257.69006,1000,2701.911993
219.40308,1000,2701.912001
75.00125,1000,2701.912009
241.81764,1000,2701.912017
199.64932,1000,2701.912026
58.41691,1000,2701.912035
168.45424,1000,2701.912043
243.17166,1000,2701.912051
242.1026,1000,2701.91206
211.78256,1000,2701.912068
179.2751,1000,2701.912076
295.34863,1000,2701.912084
262.3672,1000,2701.912092
245.88907,1000,2701.912101
181.85408,1000,2701.912109
73.07812,1000,2701.912117
299.30597,1000,2701.912126
309.3943,1000,2701.912134
450.87622,1000,2701.912142
239.21823,1000,2701.912151
334.47864,1000,2701.912159
429.7982,1000,2701.912168
188.72815,1000,2701.912176
190.62502,1000,2701.912184
254.3026,1000,2701.912192
129.4096,1000,2701.9122
168.45442,1000,2701.912209
253.78928,1000,2701.912217
115.01369,1000,2701.912225
216.29094,1000,2701.912234
173.92299,1000,2701.912242
278.1236,1000,2701.912251
328.5695,1000,2701.912265
315.3335,1000,2701.912274
232.23238,1000,2701.912282
467.16205,1000,2701.912291
377.93994,1000,2701.912299
378.8711,1000,2701.912307
324.56143,1000,2701.912315
341.69162,1000,2701.912324
301.8114,1000,2701.912332
370.40277,1000,2701.91234
271.79233,1000,2701.912349
225.25813,1000,2701.912357
114.282486,1000,2701.912365
64.795135,1000,2701.912373
58.274467,1000,2848.94407
341.93353,1000,2850.03981
50.94458,1000,2853.392131
178.16808,1000,2855.143217
315.89835,1000,2857.953898
243.74644,1000,2861.83394
432.14,1000,2863.576961
451.7192,1000,2964.369548
519.9967,1000,2980.029395
481.99268,1000,2996.917963
391.6899,1000,3011.434379
108.752945,1000,3035.390709
589.53906,1000,3035.938123
154.92133,682,3042.534462
413.41946,1000,3080.652448
379.16235,1000,3085.142683
221.54987,1000,3091.756226
282.45575,1000,3094.041751
343.3291,1000,3094.041801
7.4937286,754,3122.929091
328.5665,1000,3140.838001
3.814064,244,3146.953099
612.605,1000,3201.268565
299.3353,1000,3214.574587
484.22443,1000,3250.932612
320.87076,1000,3251.494695
112.386314,1000,3261.203416
525.00885,1000,3261.203468
589.9018,1000,3261.203486
477.4143,1000,3261.203498
387.41638,1000,3261.203509
342.99203,1000,3261.20352
382.9892,1000,3261.20353
581.20764,1000,3261.20354
149.99525,1000,3261.20355
562.8373,1000,3261.20356
274.99603,1000,3261.20357
241.45886,1000,3261.20358
237.87924,1000,3261.20359
303.84265,1000,3261.203599
354.2547,1000,3261.203609
312.64655,1000,3261.203619
539.7164,1000,3261.203628
85.453896,1000,3261.203638
204.02448,1000,3261.203648
390.1916,1000,3261.203658
229.96146,1000,3261.203667
313.03903,1000,3261.203677
211.35287,1000,3261.203687
392.95273,1000,3261.203696
379.66983,1000,3261.203706
299.99554,1000,3261.203715
184.63945,1000,3261.203725
253.56717,1000,3261.203734
307.0147,1000,3261.203744
497.4458,1000,3261.203753
429.61185,1000,3261.203763
471.9386,1000,3261.203773
335.7323,1000,3261.203782
173.3071,1000,3261.203792
148.4426,1000,3261.203801
132.02153,1000,3261.203811
160.18323,1000,3261.20382
323.90915,1000,3261.20383
222.69089,1000,3261.20384
649.1738,1000,3261.203849
460.80695,1000,3261.203859
410.86542,1000,3261.203869
149.29512,1000,3261.203878
382.0799,1000,3261.203887
241.93262,1000,3261.203897
622.0252,1000,3261.203907
148.38264,1000,3261.203916
205.64307,1000,3261.203926
209.67291,1000,3261.203936
432.8415,1000,3261.203946
366.43933,1000,3261.203955
232.3397,1000,3261.203965
241.17172,1000,3261.203974
560.4579,1000,3261.203984
445.45004,1000,3261.203994
491.27142,1000,3261.204003
298.5463,1000,3261.204013
359.27838,1000,3261.204022
443.32947,1000,3261.204032
414.9461,1000,3261.204041
237.5351,1000,3261.204051
544.69763,1000,3261.204067
322.81445,1000,3261.204077
192.44777,1000,3261.204086
473.42334,1000,3261.204095
519.87054,1000,3261.204103
718.51416,1000,3261.204111
643.5058,1000,3261.204119
558.4522,1000,3261.204128
249.39581,1000,3261.204136
295.75482,1000,3261.204144
546.04474,1000,3261.204152
735.1344,1000,3261.204161
665.5783,1000,3261.204169
262.31854,1000,3261.204177
56.42914,199,3316.015085
49.696655,255,3407.523396
234.39096,1000,3411.5182
191.258,1000,3412.687421
417.92422,1000,3416.055506
132.87363,1000,3417.797878
372.65155,1000,3420.590066
455.5509,1000,3424.630815
271.33136,1000,3426.369217
85.91048,860,3449.125053
160.53241,1000,3542.508788
-32.355286,511,3550.344931
-22.064568,526,3558.708388
664.9284,1000,3559.264709
-13.154999,577,3587.23631
239.76352,1000,3597.8835
398.21664,1000,3598.43275
326.225,1000,3605.09938
-5.466118,631,3617.45287
161.58711,1000,3643.614937
369.08792,1000,3648.289488
-36.64103,690,3650.448507
244.08105,1000,3654.987404
184.64098,1000,3657.298883
246.28543,1000,3657.298935
156.94556,1000,3686.379348
225.9451,1000,3704.584354
159.14163,1000,3710.760378
829.77313,1000,3779.144175
62.79064,1000,3815.458199
157.4577,1000,3816.014644
665.73364,1000,3825.787026
315.1573,1000,3825.787076
339.99734,1000,3825.787093
424.38657,1000,3825.787105
280.11215,1000,3825.787116
464.09988,1000,3825.787126
218.33911,1000,3825.787136
281.40594,1000,3825.787145
280.33685,1000,3825.787155
528.4681,1000,3825.787164
295.25208,1000,3825.787174
721.30493,1000,3825.787183
549.8152,1000,3825.787193
242.6919,1000,3825.787202
479.1221,1000,3825.787212
347.0939,1000,3825.787221
372.12643,1000,3825.78723
423.9802,1000,3825.78724
539.142,1000,3825.787249
642.421,1000,3825.787264
826.5215,1000,3825.787274
144.89445,1000,3825.787284
411.5462,1000,3825.787293
495.8061,1000,3825.787302
202.17575,1000,3825.787312
260.38535,1000,3825.787322
396.66254,1000,3825.787331
214.56488,1000,3825.787341
512.645,1000,3825.78735
471.4252,1000,3825.78736
311.75986,1000,3825.787369
369.74594,1000,3825.787379
184.63943,1000,3825.787388
521.99835,1000,3825.787397
357.13873,1000,3825.787407
539.0511,1000,3825.787417
604.91656,1000,3825.787426
431.6847,1000,3825.787436
869.3582,1000,3825.787445
244.82312,1000,3825.787455
210.34416,1000,3825.787464
299.301,1000,3825.787473
528.154,1000,3825.787483
267.5451,1000,3825.787492
386.3901,1000,3825.787501
551.1651,1000,3825.787511
542.0746,1000,3825.787521
201.5824,1000,3825.78753
211.8595,1000,3825.787539
274.9953,1000,3825.787549
274.14502,1000,3825.787558
325.60092,1000,3825.787568
655.4706,1000,3825.787577
284.61047,1000,3825.787586
271.52313,1000,3825.787596
204.96294,1000,3825.787605
623.6012,1000,3825.787615
364.40182,1000,3825.787624
131.78316,1000,3825.787634
545.6961,1000,3825.787643
190.09764,1000,3825.787653
352.52686,1000,3825.787662
499.99673,1000,3825.787671
298.08496,1000,3825.787681
351.6077,1000,3825.78769
197.86774,1000,3825.787699
348.8999,1000,3825.787709
227.75427,1000,3825.787718
346.0388,1000,3825.787728
664.5004,1000,3878.443833
123.01932,1000,3968.937156
813.98676,1000,3972.955389
602.38074,1000,3974.04608
804.7659,1000,3977.397462
46.498207,1000,3979.150414
783.0281,1000,3981.964756
437.62958,1000,3985.844876
616.72095,1000,3987.589868
298.1736,1000,4010.312845
547.0574,1000,4103.849955
470.8764,1000,4111.687334
223.89438,1000,4120.046609
215.96747,1000,4120.601235
653.68207,1000,4148.402209
358.32898,1000,4159.04063
774.11066,1000,4159.595796
502.22546,1000,4166.270283
344.43927,1000,4178.607268
657.19916,1000,4204.8029
378.13004,1000,4209.327521
310.65347,1000,4211.479589
718.1847,1000,4215.986801
332.62,1000,4218.266542
732.77545,1000,4218.266588
323.94452,1000,4247.391989
837.03876,1000,4265.243794
271.23276,1000,4271.349316
231.53406,855,4303.495681
439.9314,1000,4339.03802
409.24683,976,4370.92876
564.2362,1000,4375.309392
485.4511,1000,4375.863688
222.75497,986,4376.536783
631.8841,1000,4385.376392
265.3802,1000,4385.376442
125.80142,1000,4385.376466
323.7239,1000,4385.376479
301.43015,1000,4385.376489
553.8426,1000,4385.376498
312.1366,1000,4385.376508
217.56293,1000,4385.376517
635.3929,1000,4385.376526
554.1108,1000,4385.376535
372.8872,1000,4385.376544
236.30481,1000,4385.376553
340.4717,1000,4385.376561
507.8382,1000,4385.376571
385.50302,1000,4385.37658
745.3624,1000,4385.376589
483.93616,1000,4385.376598
711.3302,1000,4385.376606
333.20782,1000,4385.376615
852.2223,1000,4385.376624
538.4647,1000,4385.376633
736.49915,1000,4385.376642
152.45528,1000,4385.376651
816.39935,1000,4385.37666
526.2974,1000,4385.376669
456.8128,1000,4385.376678
396.79083,1000,4385.376687
279.7419,1000,4385.376696
566.666,1000,4385.376705
273.7323,1000,4385.376714
744.8877,1000,4385.376723
859.4107,1000,4385.376732
369.83725,1000,4385.376741
512.03546,1000,4385.376751
671.3143,1000,4385.37676
413.4186,1000,4385.376768
346.68073,1000,4385.376777
860.94196,1000,4385.376786
525.01166,1000,4385.376795
779.74774,1000,4385.376804
477.0343,1000,4385.376813
341.37827,1000,4385.376822
427.07062,1000,4385.376831
833.79974,1000,4385.37684
186.78758,1000,4385.376849
497.65103,1000,4385.376858
426.94196,1000,4385.376868
438.4582,1000,4385.376876
852.006,1000,4385.376885
668.6253,1000,4385.376894
811.3517,1000,4385.376904
861.1411,1000,4385.376912
722.7875,1000,4385.376921
316.3815,1000,4385.376931
750.6939,1000,4385.37694
323.21664,1000,4385.376949
595.5044,1000,4385.376958
205.29092,1000,4385.376966
399.9957,1000,4385.376976
358.0615,1000,4385.376985
359.06976,1000,4385.376994
328.56735,1000,4385.377003
512.168,1000,4385.377011
513.38617,1000,4385.37702
242.94427,1000,4385.377029
296.09955,1000,4385.377038
545.4003,1000,4438.207914
71.19917,289,4466.279522
858.0212,1000,4528.752673
756.6486,1000,4532.789798
636.8488,1000,4533.892822
840.35736,1000,4537.270327
868.2054,1000,4539.02237
399.99622,1000,4541.852476
614.7564,1000,4545.858437
709.7148,1000,4547.661942
250.64821,1000,4570.692953
920.2062,798,4607.694842
557.62366,1000,4665.188441
434.7181,1000,4673.113978
620.26117,1000,4681.562422
686.7702,1000,4682.121369
299.33652,1000,4710.281747
780.30725,1000,4720.996026
154.89859,1000,4728.25468
867.4347,1000,4740.710486
522.2866,1000,4767.161659
830.07916,1000,4771.698558
829.1162,1000,4773.86229
471.42517,1000,4778.406427
930.0016,700,4779.495675
612.80994,1000,4780.722614
635.71313,1000,4780.722661
256.24496,1000,4809.779569
923.10565,769,4818.235276
922.6048,774,4821.078853
399.99573,1000,4827.916471
511.10904,1000,4834.092926
912.6069,874,4877.52488
910.5114,895,4889.325253
851.89746,1000,4902.994378
906.1114,939,4914.312141
904.102,959,4925.596365
874.85205,1000,4935.294478
585.7229,1000,4939.74632
382.6344,1000,4940.311173
673.5362,1000,4940.995774
864.0594,1000,4950.654927
492.9451,1000,4950.654976
865.52295,1000,4950.654993
560.9113,1000,4950.655005
241.37451,1000,4950.655016
686.768,1000,4950.655026
496.77127,1000,4950.655036
676.5955,1000,4950.655046
426.9805,1000,4950.655057
859.857,1000,4950.655066
375.75275,1000,4950.655076
220.13937,1000,4950.655086
371.3757,1000,4950.655095
344.43967,1000,4950.655105
550.7911,1000,4950.655114
724.48883,1000,4950.655123
559.92926,1000,4950.655133
676.7064,1000,4950.655143
389.7915,1000,4950.655153
364.94025,1000,4950.655162
623.0351,1000,4950.655172
801.9616,1000,4950.655182
625.003,1000,4950.655191
605.4685,1000,4950.655201
852.3876,1000,4950.65521
574.493,1000,4950.65522
473.37375,1000,4950.65523
843.0418,1000,4950.65524
399.99567,1000,4950.655249
515.1219,1000,4950.655265
596.4913,1000,4950.655276
890.36035,1000,4950.655286
823.67017,1000,4950.655296
879.10205,1000,4950.655306
778.14594,1000,4950.655315
567.68085,1000,4950.655325
660.0002,1000,4950.655334
865.16425,1000,4950.655344
836.8467,1000,4950.655354
417.34583,1000,4950.655364
827.2197,1000,4950.655373
893.0128,1000,4950.655383
800.61035,1000,4950.655392
580.4709,1000,4950.655402
572.3577,1000,4950.655411
232.17517,1000,4950.655428
846.05493,1000,4950.655438
845.46515,1000,4950.655447
522.8379,1000,4950.655455
715.97845,1000,4950.655463
853.1374,1000,4950.655472
449.9963,1000,4950.65548
837.04535,1000,4950.655488
880.3973,1000,4950.655497
821.83093,1000,4950.655505
596.9712,1000,4950.655513
557.35284,1000,4950.655521
876.18964,1000,4950.655529
190.73029,1000,4950.655538
268.58704,1000,5006.079349
450.67194,1000,5035.78154
729.0913,1000,5100.253034
558.1459,1000,5104.321976
52.344322,1000,5105.423263
644.0246,1000,5108.815959
698.10583,1000,5110.586067
650.9004,1000,5113.440842
754.0194,1000,5117.357449
587.2901,1000,5119.111574
633.3328,1000,5142.340351
913.20465,868,5179.043031
439.99637,1000,5179.607698
789.6624,1000,5237.360937
819.76355,1000,5245.288238
835.9484,1000,5254.254801
857.0017,1000,5282.494258
626.9736,1000,5293.214473
865.3954,1000,5300.600399
616.9783,1000,5313.0337
214.68808,652,5324.795809
46.749954,342,5335.540909
495.23407,1000,5339.448539
787.09735,1000,5344.02646
835.37866,1000,5346.207395
823.0872,1000,5350.788029
876.5995,1000,5351.892462
835.1618,1000,5353.137504
544.13226,1000,5353.137556
760.3323,949,5364.965168
829.6896,1000,5382.452977
924.40515,756,5383.693675
689.0602,1000,5391.129249
743.75397,1000,5400.805413
883.6614,1000,5407.014247
366.38657,901,5431.292306
12.966698,338,5436.454473
914.10443,859,5442.136863
494.3442,1000,5451.338526
868.53424,1000,5463.161274
878.9887,1000,5476.729642
907.9055,921,5477.955952
413.9698,942,5489.781942
743.5066,959,5490.884604
904.70984,953,5496.010711
479.8604,1000,5499.394222
858.0662,1000,5509.227996
840.96576,1000,5513.684457
553.58405,1000,5514.904466
645.09485,1000,5523.811494
707.461,1000,5523.811542
832.2155,1000,5523.811559
833.1127,1000,5523.81157
323.30887,1000,5523.811582
650.00995,1000,5523.811593
851.7747,1000,5523.811603
134.89462,1000,5523.811613
752.1232,1000,5523.811623
806.1568,1000,5523.811632
865.9896,1000,5523.811642
838.1534,1000,5523.811652
867.5199,1000,5523.811661
874.7413,1000,5523.811671
840.7169,1000,5523.811681
820.4178,1000,5523.81169
672.2742,1000,5523.8117
482.13144,1000,5523.81171
861.94196,1000,5523.81172
380.3592,1000,5523.811729
771.1889,1000,5523.811739
444.88693,1000,5523.811749
560.3793,1000,5523.811759
853.67834,1000,5523.811769
877.6443,1000,5523.811778
631.01886,1000,5523.811788
886.58307,1000,5523.811798
805.3666,1000,5523.811808
521.2991,1000,5523.811817
530.5208,1000,5523.811826
244.71863,1000,5523.811836
234.54065,1000,5523.811846
895.9646,1000,5523.811855
849.0974,1000,5523.811865
646.6211,1000,5523.811874
888.7349,1000,5523.811884
586.6153,1000,5523.811893
825.42786,1000,5523.811903
598.1844,1000,5523.811913
830.00964,1000,5523.811922
444.77213,1000,5523.811932
862.2748,1000,5523.811941
824.3462,1000,5523.811951
775.8163,1000,5523.81196
722.9202,1000,5523.811969
557.5446,1000,5523.811979
361.25037,1000,5523.811988
662.06934,1000,5523.811998
731.33136,1000,5523.812007
451.27838,1000,5523.812016
893.6182,1000,5523.812026
626.6782,1000,5523.812035
611.1123,1000,5523.812044
